user5;05b972dcf28374406d13e879724bfe3b
user6;670b14728ad9902aecba32e22fa4f6bd
user7;827ccb0eea8a706c4c34a16891f84e7b
user8;210dc1fd8cb4e4e43cb4961b28fac275
user9;d8578edf8458ce06fbc5bb76a58c5ca4
user14;dd22141acb5ea065acd5ed773729c98f
user15;5f4dcc3b5aa765d61d8327deb882cf99
user16;6209804952225ab3d14348307b5a4a27
user22;1a2806367d23c7884dfde273882ad6a9
user23;89f0514b57cb14b00e409eef18e89408
user30;5e68f1763b47e15d31a28f1025e0df31
user31;4365ed528b682a00b02d5daf05a03b0d
user32;f25a2fc72690b780b2a14e140ef6a9e0
user39;961bd74d34872ff94a4df3a16119096e
user40;be2de5cf4336d5e9dbaa481f34b0fdb5
user41;ccebba93f54d6bf2b17f8350e7c12ec4
user49;a6efcc8b13d5d3c1ed5c56c30aa6f22a
user50;3fc0a7acf087f549ac2b266baf94b8b1
user51;1cc24df84fa6941a22a2deeedf425452
user52;dc4ed8038c151c4648e6d98b131979ef
user62;3bbc4d2b291531bfe791972168dfa1a0
user63;4432eeba634e77b7850b54b88fb9bfb2
user64;f019bc47cee995cba74f99f9999609f6
user65;5f0fe7036b3c2b5326f7319a530013f4
user66;e7e9ec3723447a642f762b2b6a15cfd7
user67;ed6658e6f22583ed66fb5e5e735b9e63
user68;ba8a48b0e34226a2992d871c65600a7c
user69;3a4dc1c90cbe590bee19ae952434f04c
user70;b8bba2baae4c2a08fdff4e223458577d
user71;1bec52f7fccc9524493d8fae117a0bc8
user72;783833680e6da5cf6cd7481a44d8fa4c
user88;00b6ee220efaf25b88d10126bc21d1fa
user89;25779f8829ab7a7650e85a4cc871e6ac
martin;6f9579a05ee109866c158d718769be89