user1003;f7c3bc1d808e04732adf679965ccc34ca7ae3441
user1004;c8419f37d2a46fa0a290991398500b8e45b72d7e
user1010;05fe7461c607c33229772d402505601016a7d0ea
user1011;d6577dc78bc60d5970f504c353eb893e893a95fe
user1012;05c462c89c10060556172af43737635005500162
user1013;7c222fb2927d828af22f592134e8932480637c0d
user1014;e46fc836cca3acec03944314d1457c2ae6c68ef3
user1015;5baa61e4c9b93f3f0682250b6cf8331b7ee68fd8
user1027;b7886d498c8629f802b499095ca7ee09c98a9a1c
user1028;3d630ef5316e63a6672871610cec4b06e7cf875e
user1066;3792e4d33d996b634c2d0d134de31118247cc2c8
user1067;4181eecbd7a755d19fdf73887c54837cbecf63fd
user1068;4b7fad4f3f945dedf976096ae7cdae1f59f394a9
user1069;9f468ec766842079d75a616826eeeb01cd877a1d
user1070;fc80b22ff203a1a88470b19ab19228044d066d66
user1071;c29bb8e55610dcfecabb065ce5d01be6e3e810e9
user1073;db45e234b40e2101fb7cd9f2f911d74a86c08099
user1074;cc6386249a65bd55bac439583ed88b4091aecda9
user1075;f801f40ec7d7b115c9aaf642b0cb8b841c41ec39
user1076;a8da9cad44f6114c16e7a052878a8dc106a740dd
user1077;1999e4893f732ba38b948dbe8d34ed48cd54f058
user1078;1c7e7a779338529b96e97e3346dc240b7c396c50
user1079;0706025b2bbcec1ed8d64822f4eccd96314938d0
user1080;1f0a51c36efaa0f44e4899c26d2028681997c8ea
user1081;c320f67f22eacd5fe90281f797731a99cd4dadae
user1085;1f0a51c36efaa0f44e4899c26d2028681997c8ea
user1086;23c2008d8b9da497c54aa5f76bbc7e5ebd8aa66b
user1090;ad460e2655afb744397253f94bb71ee976ccf5bc
user1091;034ad7612381ca43e2fd6069f4594bef9f019d2b
martin;047faf021517f69765c98163c82c516baec592f9